{"cameraMode":{"drawMode":0,"name":"Shaded","section":"Shading Mode"},"sceneLighting":true,"audioPlay":false,"sceneViewState":{"showFog":true,"showMaterialUpdate":false,"showSkybox":true,"showFlares":true,"showImageEffects":true,"showParticleSystems":true},"in2DMode":false,"pivot":{"x":-1.8192695379257203,"y":-0.32886892557144167,"z":0.2939453125},"rotation":{"x":0.5861957669258118,"y":0.07386382669210434,"z":-0.05378711223602295,"w":0.8050006031990051},"size":2.857883930206299,"orthographic":true}