{"cameraMode":{"drawMode":0,"name":"Shaded","section":"Shading Mode"},"sceneLighting":false,"audioPlay":false,"sceneViewState":{"showFog":true,"showMaterialUpdate":false,"showSkybox":false,"showFlares":true,"showImageEffects":true,"showParticleSystems":true},"in2DMode":false,"pivot":{"x":2391.955078125,"y":129.1158905029297,"z":2212.41455078125},"rotation":{"x":0.0019323924789205194,"y":0.8687675595283508,"z":-0.49523329734802248,"w":0.003381255315616727},"size":20.677566528320314,"orthographic":false}