{"cameraMode":{"drawMode":0,"name":"Shaded","section":"Shading Mode"},"sceneLighting":false,"audioPlay":false,"sceneViewState":{"showFog":true,"showMaterialUpdate":false,"showSkybox":false,"showFlares":true,"showImageEffects":true,"showParticleSystems":true},"in2DMode":false,"pivot":{"x":35.68443298339844,"y":95.77217864990235,"z":-79.95417785644531},"rotation":{"x":0.04585733637213707,"y":-0.7571940422058106,"z":0.05347079411149025,"w":0.6493806838989258},"size":5.451639652252197,"orthographic":false}