{"cameraMode":{"drawMode":0,"name":"Shaded","section":"Shading Mode"},"sceneLighting":true,"audioPlay":false,"sceneViewState":{"showFog":true,"showMaterialUpdate":false,"showSkybox":true,"showFlares":true,"showImageEffects":true,"showParticleSystems":true},"in2DMode":false,"pivot":{"x":393.5285949707031,"y":467.7955017089844,"z":53.911956787109378},"rotation":{"x":-0.26671117544174197,"y":0.6870238184928894,"z":-0.30335885286331179,"w":-0.6040250658988953},"size":2.10172700881958,"orthographic":false}